OrderID,Product_ID,Quantity,Sales,Discount,COS
11016,36,16,138.56,0,122.2099
11017,3,25,538.25,0,486.1304
11017,59,110,933.9,0,823.6998
11017,70,30,952.8,0,848.3997
11018,12,20,194.2,0,171.2844
11018,18,10,275.6,0,243.0792
11018,56,5,180.1,0,158.8482
11019,46,3,34.05,0,30.0321
11019,49,2,43.54,0,39.1742
11020,10,24,197.064,25.704,151.1395
11021,2,11,244.75,48.95,172.6956
11021,20,15,1114.2,0,982.7244
11021,26,63,1901.34,0,1676.9819
11021,51,44,5569.85,1113.97,3930.0862
11021,72,35,441.35,0,389.2707
11022,19,35,336.35,0,296.6607
11022,69,30,62.1,0,54.7722
11023,7,4,161.2,0,142.1784
11023,43,30,357.3,0,315.1386
11024,26,12,401.28,0,353.929
11024,33,30,707.4,0,623.9268
11024,65,21,196.98,0,173.7364
11024,71,50,1430,0,1261.26
11025,1,10,215.05,19.55,180.1711
11025,13,20,558.8,50.8,448.056
11026,18,8,214.88,0,189.5242
11026,51,10,929.8,0,820.0836
11027,24,30,179.625,35.925,126.7434
11027,62,21,754.95,150.99,589.623
11028,55,35,1286.95,0,1135.0899
11028,59,24,207.12,0,182.6798
11029,56,20,763.2,0,673.1424
11029,63,12,217.68,0,191.9938
11030,2,100,2427.5,485.5,1712.844
11030,5,70,424.2,0,413.9145
11030,29,60,10074.75,2014.95,7108.7436
11030,59,100,980,196,691.488
11031,1,45,965.25,0,851.3505
11031,13,80,2183.2,0,1925.5824
11031,24,21,94.92,0,83.7194
11031,64,20,648,0,628.2958
11031,71,16,460.32,0,406.0022
11032,36,35,261.8,0,230.9076
11032,38,25,2139,0,1886.598
11032,59,30,233.4,0,205.8588
11033,53,70,4261.95,387.45,3417.309
11033,69,36,85.14,7.74,72.0025
11034,21,15,178.86,16.26,143.4132
11034,44,12,879.48,0,775.7014
11034,61,6,145.56,0,128.3839
11035,1,10,195.5,0,172.431
11035,35,60,366.6,0,323.3412
11035,42,30,399.6,0,383.087
11035,54,10,373,0,328.986
11036,13,7,175.07,0,154.4117
11036,59,30,247.8,0,218.5596
11037,70,4,116,0,102.312
11038,40,5,106.62,17.77,78.3657
11038,52,2,155.22,0,136.904
11038,71,30,961.8,0,848.3076
11039,28,20,958,0,844.956
11039,35,24,147.84,0,130.3949
11039,49,60,1116,0,984.312
11039,57,28,575.68,0,507.7498
11040,21,20,209.2,0,184.5144
11041,2,30,724.32,120.72,532.3752
11041,63,30,610.5,0,538.461
11042,44,15,1131.15,0,997.6743
11042,61,4,114.16,0,100.6891
11043,11,10,282.8,0,249.4296
11044,62,12,316.8,0,279.4176
11045,33,15,375.3,0,331.0146
11045,51,24,2461.2,0,2170.7784
11046,12,20,195.72,9.32,164.4048
11046,32,15,328.3875,15.6375,275.8455
11046,35,18,119.259,5.679,100.1776
11047,1,25,603.4375,120.6875,425.7855
11047,5,30,223.5,44.7,157.7016
11048,68,42,483.84,0,426.7469
11049,2,10,224.4,37.4,164.934
11049,12,4,44.256,7.376,32.5282
11050,76,50,21109.55,1919.05,16926.021
11051,24,10,49.68,8.28,36.5148
11052,43,30,429.12,71.52,315.4032
11052,61,10,335.04,55.84,251.5801
11053,18,35,1068.9,178.15,842.832
11053,32,20,411.2,0,392.0924
11053,64,25,1084.2,180.7,796.887
11054,33,10,238.4,0,210.2688
11054,67,20,1090.6,0,961.9092
11055,24,15,67.35,0,59.4027
11055,25,15,189.3,0,166.9626
11055,51,20,1941.6,0,1712.4912
11055,57,20,387.4,0,341.6868
11056,7,40,1686,0,1487.052
11056,55,35,1367.45,0,1206.0909
11056,60,50,269,0,247.4736
11057,70,3,86.1,0,75.9402
11058,21,3,30.9,0,27.2538
11058,60,21,115.08,0,101.5006
11058,61,4,107.88,0,95.1502
11059,13,30,812.4,0,716.5368
11059,17,12,321.6,0,283.6512
11059,60,35,181.65,0,160.2153
11060,60,4,19.84,0,17.4989
11060,77,10,131.1,0,115.6302
11061,60,15,79.05,0,69.7221
11062,53,10,738.48,123.08,542.7828
11062,70,12,398.592,66.432,292.9651
11063,34,30,241.8,0,213.2676
11063,40,40,878.24,79.84,704.1888
11063,41,30,317.46,28.86,254.5452
11064,17,77,2277.583,207.053,1826.2075
11064,41,12,122.76,0,108.2743
11064,53,25,1683.275,153.025,1349.6805
11064,55,4,174.944,15.904,140.2733
11064,68,55,627.55,0,553.4991
11065,30,4,123,24.6,94.2484
11065,54,20,942.25,188.45,664.8516
11066,16,3,28.08,0,24.7666
11066,19,42,412.02,0,363.4016
11066,34,35,265.65,0,234.3033
11067,41,9,84.06,0,74.1409
11068,28,8,431.112,56.232,330.6442
11068,43,36,464.094,60.534,355.9399
11068,77,28,447.258,58.338,343.0274
11069,39,20,1165.2,0,1075.3017
11070,1,40,854.22,111.42,655.1496
11070,2,20,463.91,60.51,355.7988
11070,16,30,302.22,39.42,236.5117
11070,31,20,169,0,149.058
11071,7,15,669.375,31.875,562.275
11071,13,10,273.735,13.035,229.9374
11072,2,8,161.6,0,142.5312
11072,41,40,416,0,366.912
11072,50,22,347.82,0,306.7772
11072,64,130,4230.2,0,3731.0364
11073,11,10,289.3,0,261.7971
11073,24,20,92,0,81.144
11074,16,14,142.884,6.804,120.0226
11075,2,10,196.65,25.65,150.822
11075,46,30,454.71,59.31,348.7428
11075,76,2,871.815,113.715,668.6442
11076,6,20,95.5,19.1,69.4453
11076,14,20,623.25,124.65,439.7652
11076,19,10,122.25,24.45,86.2596
11077,2,24,545.184,90.864,400.7102
11077,3,4,87.4,0,77.0868
11077,4,3,70.8,0,62.4456
11077,6,50,223.89,4.39,193.599
11077,7,15,630.63,30.03,529.7292
11077,8,5,118.855,10.805,95.3001
11077,10,15,98.55,0,86.9211
11077,12,10,112.665,5.365,94.6386
11077,13,10,264.3,0,233.1126
11077,14,50,1274.11,37.11,1091.034
11077,16,25,266.5125,7.7625,228.2175
11077,20,15,1245.348,47.898,1056.1509
11077,23,14,132.58,0,116.9356
11077,32,10,189.8,0,181.724
11077,39,10,578.55,27.55,485.982
11077,41,8,69.76,0,61.5283
11077,46,8,94.9008,1.8608,82.0613
11077,52,8,662.64,0,584.4485
11077,55,5,210.55,0,193.3484
11077,60,8,45.1984,2.5584,37.6085
11077,64,15,526.6905,15.3405,451.0107
11077,66,8,162.8,0,143.5896
11077,73,5,6.1105,0.0605,5.838
11077,75,14,114.66,0,101.1301
11077,77,10,119.8,0,105.6636
11078,2,10,198.45,9.45,166.698
11078,3,25,511.875,24.375,429.975
11079,13,10,267.75,12.75,224.91
11079,57,15,285,0,251.37
11080,14,100,2415,115,2028.6
11081,75,150,1163.25,105.75,943.7781
11082,3,35,732.1475,47.8975,603.5085
11083,9,5,194.5,0,171.549
11083,21,15,149.25,0,131.6385
11083,22,15,52.5,0,46.305
11083,24,50,236.25,11.25,198.45
11083,33,3,76.5,0,67.473
11083,37,7,31.5,0,27.783
11083,42,10,156.5,0,138.033
11083,47,5,127.5,0,112.455
11083,51,3,308.691,8.991,264.3354
11083,62,5,124.8,4.8,105.84
10248,11,12,343.44,0,284.3683
10248,42,10,140.4,0,116.2512
10248,72,5,63.55,0,52.6194
10249,14,9,205.2,0,169.9056
10249,51,40,4048,0,3642.6713
10250,41,10,95.9,0,79.4052
10250,51,35,3931.2175,512.7675,2830.4766
10250,65,15,163.3575,21.3075,117.6174
10251,22,6,21.357,1.017,16.8415
10251,57,15,332.64,15.84,288.1383
10251,65,20,185.2,0,156.4436
10252,20,40,3189.06,151.86,2514.8016
10252,33,25,620.55,29.55,489.348
10252,60,40,182,0,150.696
10253,31,20,165.6,0,140.5657
10253,39,42,2433.9,0,2015.2692
10253,49,40,796.4,0,659.4192
10254,24,15,77.97,10.17,56.1384
10254,55,21,984.354,128.394,708.7349
10254,74,21,617.4,0,511.2072
10255,2,20,342.4,0,283.5072
10255,16,35,320.95,0,265.7466
10255,36,25,194.25,0,160.839
10255,59,30,234.9,0,198.2353
10256,53,15,907.95,0,751.7826
10256,77,12,162,0,134.136
10257,27,25,1077.25,0,891.963
10257,39,6,329.04,0,272.7112
10257,77,15,192.6,0,159.4728
10258,2,50,1201.2,200.2,828.828
10258,5,65,478.14,79.69,344.2608
10258,32,6,139.32,23.22,100.3104
10259,21,10,101.4,0,87.6096
10259,37,1,4.37,0,3.7757
10260,41,16,200.4,40.08,138.5165
10260,57,50,929,0,802.656
10260,62,15,540.375,108.075,373.5072
10260,70,21,770.9625,154.1925,532.8893
10261,21,20,200.2,0,172.9728
10261,35,20,131.2,0,115.916
10262,5,12,80.352,13.392,57.8534
10262,7,15,574.5,0,496.368
10262,56,2,69.1,0,59.7024
10263,16,60,709.5,141.9,490.4064
10263,24,28,114.52,0,100.7798
10263,30,60,1992.75,398.55,1377.3888
10263,74,36,1254.15,250.83,866.8685
10264,2,35,719.25,0,621.432
10264,41,25,274.5625,35.8125,211.5246
10265,17,30,717,0,619.488
10265,70,20,556.2,0,486.5012
10266,12,12,128.016,6.096,105.3389
10267,40,50,935.5,0,808.272
10267,59,70,697.13,90.93,523.7568
10267,76,15,6356.7975,829.1475,4775.8896
10268,29,10,1173,0,1013.472
10268,72,4,50.56,0,43.6838
10269,33,60,1726.2,82.2,1420.416
10269,72,20,255.57,12.17,210.2976
10270,36,30,233.4,0,201.6576
10270,43,25,326.5,0,282.096
10271,33,24,577.44,0,498.9082
10272,20,6,529.5,0,457.488
10272,31,40,312.4,0,269.9136
10272,72,24,282.24,0,263.4258
10273,10,24,173.376,8.256,142.6637
10273,31,15,140.9625,6.7125,115.992
10273,33,20,509,0,439.776
10273,40,60,1219.05,58.05,1003.104
10273,76,33,14281.344,680.064,11751.5059
10274,71,20,623.4,0,538.6176
10274,72,7,83.93,0,72.5155
10275,24,12,51.912,2.472,46.0545
10275,59,6,56.196,2.676,46.2413
10276,10,15,103.8,0,89.6832
10276,13,10,274.5,0,237.168
10277,28,20,889.6,0,768.6144
10277,62,12,360.96,0,311.8694
10278,44,16,1292.48,0,1116.7027
10278,59,15,128.55,0,115.2167
10278,63,8,168.16,0,145.2902
10278,73,25,26.75,0,23.112
10279,17,15,506.625,101.325,372.12
10280,24,12,51,0,44.064
10280,55,20,849.4,0,733.8816
10280,75,30,216.3,0,186.8832
10281,19,1,9.9,0,8.5536
10281,24,6,25.08,0,21.6691
10281,35,4,25.48,0,22.4386
10282,30,6,158.28,0,136.7539
10282,57,2,42.04,0,36.3226
10283,15,20,130.6,0,112.8384
10283,19,18,165.24,0,142.7674
10283,60,35,181.3,0,156.6432
10283,72,3,34.98,0,30.2227
10284,27,15,806.8125,161.3625,557.6688
10284,44,21,1435.77,0,1240.5053
10284,60,20,118.25,23.65,81.7344
10284,67,5,400.4375,80.0875,276.7824
10285,1,45,1064.88,177.48,766.7136
10285,40,40,826.56,137.76,595.1232
10285,53,36,2633.472,438.912,1896.0998
10286,35,100,606,0,523.584
10286,62,40,1211.2,0,1046.4768
10287,16,40,408.48,53.28,306.8928
10287,34,20,153.4,0,132.5376
10287,46,15,210.9675,27.5175,168.0717
10288,54,10,369.82,33.62,290.4768
10288,68,3,38.808,3.528,30.4819
10289,3,30,616.2,0,532.3968
10289,64,9,320.4,0,276.8256
10290,5,20,131.4,0,113.5296
10290,29,15,1890.45,0,1633.3488
10290,49,15,294.9,0,254.7936
10290,77,10,134.9,0,116.5536
10291,13,20,506.66,46.06,397.9584
10291,44,24,2182.752,198.432,1714.4525
10291,51,2,234.432,21.312,184.1357
10292,20,20,1681.4,0,1452.7296
10293,18,12,328.56,0,283.8758
10293,24,10,41.1,0,35.5104
10293,63,5,105.3,0,90.9792
10293,75,6,45.6,0,39.3984
10294,1,18,389.88,0,336.8563
10294,17,15,369.3,0,319.0752
10294,43,15,193.5,0,167.184
10294,60,21,95.76,0,87.5671
10294,75,6,49.32,0,42.6125
10295,56,4,139.36,0,120.407
10296,11,12,319.44,0,275.9962
10296,16,30,280.8,0,242.6112
10296,69,15,28.35,0,24.4944
10297,39,60,3561,0,3076.704
10297,72,20,239,0,206.496
10298,2,40,701.6,0,606.1824
10298,36,40,367,73.4,253.6704
10298,59,30,343.125,68.625,237.168
10298,62,15,420,0,362.88
10299,19,15,137.55,0,118.8432
10299,70,20,581.6,0,502.5024
10300,66,30,596.7,0,515.7551
10300,68,20,225.4,0,194.7456
10301,40,10,183.3,0,158.3712
10301,56,20,783.4,0,676.8576
10302,17,40,1026,0,886.464
10302,28,28,1198.68,0,1035.6595
10302,43,12,129.84,0,112.1818
10303,40,40,775.28,70.48,608.9472
10303,65,30,355.74,32.34,279.4176
10303,68,15,210.705,19.155,165.4992
10304,49,30,593.7,0,512.9568
10304,59,10,79.1,0,68.3424
10304,71,2,59.52,0,51.4253
10305,18,25,757.9,68.9,595.296
10305,29,25,3133.35,284.85,2461.104
10305,39,30,1889.25,171.75,1483.92
10306,30,10,280.2,0,242.0928
10306,53,10,611.1,0,527.9904
10306,54,5,189.4,0,163.6416
10307,62,10,272.7,0,235.6128
10307,68,3,38.46,0,33.2294
10308,69,1,2.12,0,1.8317
10308,70,5,147.75,0,127.656
10309,4,20,432.8,0,373.9392
10309,6,30,110.7,0,95.6448
10309,42,2,27.24,0,23.5354
10309,43,20,237.4,0,205.1136
10309,71,3,89.28,0,77.1379
10310,16,10,85.3,0,73.6992
10310,62,5,160.95,0,139.0608
10311,42,6,89.58,0,77.3971
10311,69,7,13.86,0,11.975
10312,28,4,196.68,0,179.4667
10312,43,24,314.64,0,271.849
10312,53,20,1264.6,0,1092.6144
10312,75,10,76.3,0,65.9232
10313,36,12,101.64,0,87.817
10314,32,40,874.72,79.52,687.0528
10314,58,30,1451.01,131.91,1139.7024
10314,62,25,864.325,78.575,678.888
10315,34,14,117.32,0,101.3645
10315,70,30,873.9,0,755.0496
10316,41,10,89.6,0,77.4144
10316,62,70,2053.1,0,1773.8784
10317,1,20,362.4,0,313.1136
10318,41,20,191.2,0,165.1968
10318,76,6,2214.96,0,1913.7254
10319,17,8,209.84,0,181.3018
10319,28,14,682.78,0,589.9219
10319,76,30,12119.1,0,10470.9024
10320,71,30,942.6,0,814.4064
10321,35,10,54.3,0,46.9152
10322,52,20,1560.4,0,1348.1856
10323,15,5,30.6,0,26.4384
10323,25,4,57.36,0,49.559
10323,39,4,244.84,0,211.5418
10324,16,21,211.7955,27.6255,159.1229
10324,35,70,452.41,59.01,339.8976
10324,46,30,364.5,0,314.928
10324,59,40,382.26,49.86,287.1936
10324,63,80,1894.28,247.08,1423.1808
10325,6,6,22.26,0,19.2326
10325,13,12,277.08,0,239.3971
10325,14,9,190.26,0,164.3846
10325,31,4,31.2,0,26.9568
10325,72,40,438.4,0,378.7776
10326,4,24,476.16,0,411.4022
10326,57,16,287.04,0,248.0026
10326,75,50,406,0,350.784
10327,2,25,576.6,96.1,415.152
10327,11,50,1746,291,1257.12
10327,30,35,1008.84,168.14,726.3648
10327,58,30,1582.92,263.82,1139.7024
10328,59,9,75.51,0,65.2406
10328,65,40,414.4,0,358.0416
10328,68,10,121.3,0,104.8032
10329,19,10,89.25,4.25,80.3848
10329,30,8,206.724,9.844,170.1043
10329,38,20,1624.56,77.36,1336.7808
10329,56,12,505.638,24.078,416.0678
10330,26,50,1882.55,245.55,1414.368
10330,72,25,311.65,40.65,246.6153
10331,54,15,569.55,0,492.0912
10332,18,40,1191.36,198.56,857.7792
10332,42,10,181.56,30.26,130.7232
10332,47,16,471.744,78.624,339.6557
10333,14,10,248.7,0,214.8768
10333,21,10,115.5,10.5,99.0989
10333,71,40,1364.44,124.04,1071.7056
10334,52,8,582.08,0,502.9171
10334,68,10,127.4,0,116.7875
10335,2,7,163.884,27.314,117.9965
10335,31,25,254.4,42.4,183.168
10335,32,6,134.208,22.368,96.6298
10335,51,48,6007.104,1001.184,4325.1149
10336,4,18,459.954,41.814,361.273
10337,23,40,360,0,311.04
10337,26,24,805.2,0,725.2697
10337,36,20,159.8,0,138.0672
10337,37,28,109.2,0,94.3488
10337,72,25,300.75,0,259.848
10338,17,20,524.8,0,453.4272
10338,30,15,381,0,329.184
10339,4,10,213.2,0,184.2048
10339,17,70,1797.81,85.61,1479.3408
10339,62,28,857.08,0,740.5171
10340,18,20,510.3,24.3,419.904
10340,41,12,115.038,5.478,94.6598
10340,43,40,501.06,23.86,412.3008
10341,33,8,211.6,0,182.8224
10341,59,9,85.5945,11.1645,64.3075
10342,2,24,566.208,94.368,407.6698
10342,31,56,585.984,97.664,421.9085
10342,36,40,362.88,60.48,261.2736
10342,55,40,1800.96,300.16,1296.6912
10343,64,50,1697.5,0,1466.64
10343,68,4,48.51,2.31,39.9168
10343,76,15,5862.3,0,5065.0272
10344,4,35,727.3,0,628.3872
10344,8,70,1697.5,339.5,1222.6774
10345,8,70,1432.2,0,1237.4208
10345,19,80,806.4,0,696.7296
10345,42,9,136.71,0,118.1174
10346,17,36,978.516,88.956,768.5798
10346,56,20,810.2,0,700.0128
10347,25,10,132.1,0,114.1344
10347,39,50,3376.4,440.4,2536.704
10347,40,4,68,0,58.752
10347,75,6,53.475,6.975,40.176
10348,1,15,334.8225,43.6725,251.5536
10348,23,25,230.75,0,199.368
10349,54,24,820.32,0,708.7565
10350,50,15,272.085,24.735,213.7104
10350,69,18,36.234,3.294,28.4602
10351,38,20,1575.84,75.04,1296.6912
10351,41,13,135.46,0,117.0374
10351,44,77,5961.879,283.899,4905.7747
10351,65,10,105.84,5.04,87.0912
10352,24,10,47.3,0,40.8672
10352,54,20,871.7,113.7,654.912
10353,11,12,428.4,71.4,308.448
10353,38,50,4524,754,3257.28
10354,1,12,259.8,0,224.4672
10354,29,4,521.36,0,450.455
10355,24,25,116.5,0,100.656
10355,57,25,442.5,0,382.32
10356,31,30,276.6,0,238.9824
10356,55,12,487.8,0,421.4592
10356,69,20,41,0,35.424
10357,10,30,234.36,39.06,168.7392
10357,26,16,471.04,0,406.9786
10357,60,8,46.656,7.776,35.3201
10358,24,10,44.52,2.12,36.6336
10358,34,10,86.73,4.13,73.1107
10358,36,20,159.81,7.61,131.5008
10359,16,56,602.112,28.672,495.4522
10359,31,70,639.45,30.45,526.176
10359,60,80,458.64,21.84,377.3952
10360,28,30,1262.1,0,1090.4544
10360,29,35,4751.6,0,4105.3824
10360,38,10,807.4,0,697.5936
10360,49,35,640.15,0,553.0896
10360,54,28,1028.44,0,888.5722
10361,39,54,3596.076,326.916,2824.5542
10361,60,55,282.535,25.685,221.9184
10362,25,50,752,0,649.728
10362,51,20,2195.8,0,1897.1712
10362,54,24,889.68,0,768.6835
10363,31,20,186,0,174.0099
10363,75,12,96.72,0,83.5661
10363,76,12,5190.36,0,4735.0377
10364,69,30,61.5,0,53.136
10364,71,5,148.65,0,128.4336
10365,11,24,707.52,0,611.2973
10366,65,5,45.6,0,39.3984
10366,77,5,63.55,0,54.9072
10367,34,36,272.16,0,256.6889
10367,54,18,672.66,0,581.1782
10367,65,15,141.15,0,121.9536
10367,77,7,99.61,0,86.063
10368,21,5,57.915,5.265,45.4896
10368,28,13,678.821,61.711,533.183
10368,57,25,451.25,0,389.88
10368,64,35,1245.09,113.19,977.9616
10369,29,20,2355.6,0,2035.2384
10369,56,18,886.95,177.39,613.0598
10370,1,15,371.91,48.51,292.9833
10370,64,30,1020.6,0,881.7984
10370,74,20,750.72,97.92,564.0192
10371,36,6,55.944,9.324,40.2797
10372,20,12,1218.6,243.72,842.2963
10372,38,40,3897,779.4,2702.9957
10372,60,70,463.75,92.75,320.544
10372,72,42,564.375,112.875,390.096
10373,58,80,5094.72,849.12,3668.1984
10373,71,50,1907.4,317.9,1373.328
10374,31,30,273.3,0,236.1312
10374,58,15,773.55,0,668.3472
10375,14,15,323.85,0,279.8064
10375,54,10,329.5,0,284.688
10376,31,42,341.334,16.254,280.8691
10377,28,20,947.14,123.54,711.5904
10377,39,20,1374.94,179.34,1032.9984
10378,71,6,169.14,0,148.1577
10379,41,8,82.104,7.464,64.489
10379,63,16,358.16,32.56,281.3184
10379,65,20,220,20,172.8
10380,30,18,505.098,45.918,396.7315
10380,53,20,1341.12,121.92,1053.3888
10380,60,6,31.68,2.88,24.8832
10380,70,30,814.5,0,674.406
10381,74,14,428.26,0,354.5993
10382,5,32,179.84,0,148.9075
10382,18,9,241.02,0,199.5646
10382,29,14,1811.32,0,1499.773
10382,33,60,1649.4,0,1365.7032
10382,74,50,1360.5,0,1126.494
10383,13,20,523.6,0,433.5408
10383,50,15,231.45,0,191.6406
10383,56,20,826.4,0,684.2592
10384,20,28,2422.28,0,2015.9715
10384,60,15,79.8,0,66.0744
10385,7,10,433.56,72.26,299.1564
10385,60,20,119.76,19.96,82.6344
10385,68,8,131.04,21.84,90.4176
10386,24,15,61.65,0,51.0462
10386,34,10,84.8,0,70.2144
10387,24,15,72.75,0,65.5554
10387,28,6,285.06,0,236.0297
10387,59,12,106.44,0,88.1323
10387,71,15,434.85,0,360.0558
10388,45,15,156.6,26.1,108.054
10388,52,20,1983.6,330.6,1368.684
10388,53,40,2511.6,0,2079.6048
10389,10,16,101.28,0,83.8598
10389,55,15,562.35,0,465.6258
10389,62,20,633.6,0,524.6208
10389,70,30,838.8,0,694.5264
10390,31,60,595.98,54.18,448.6104
10390,35,40,288.64,26.24,217.2672
10390,46,45,487.35,0,403.5258
10390,72,24,288.816,26.256,217.3997
10391,13,18,416.16,0,345.2441
10392,69,50,104.5,0,86.526
10393,2,25,599.0625,119.8125,410.218
10393,14,42,1146.075,229.215,759.1601
10393,25,7,126.175,25.235,83.5783
10393,26,70,2749.25,549.85,1866.9716
10393,31,32,257.6,0,213.2928
10394,13,10,270.4,0,223.8912
10394,62,10,266.7,0,220.8276
10395,46,28,357.896,32.536,269.3981
10395,53,70,5109.72,464.52,3846.2256
10395,69,8,14.96,0,12.3869
10396,23,40,344,0,284.832
10396,71,60,1780.2,0,1474.0056
10396,72,21,230.16,0,190.5725
10397,21,10,123.165,16.065,88.6788
10397,51,18,2089.044,272.484,1504.1117
10398,35,30,163.5,0,146.3896
10398,55,120,4935.48,448.68,3715.0704
10399,68,60,794.4,0,693.5116
10399,71,30,829.8,0,687.0744
10399,76,35,13366.85,0,11067.7518
10399,77,14,168.14,0,139.2199
10400,29,21,2554.65,0,2115.2502
10400,35,35,203,0,168.084
10400,49,30,646.5,0,563.1968
10401,30,18,469.26,0,388.5473
10401,56,70,2804.2,0,2556.2446
10401,65,20,181.2,0,150.0336
10401,71,60,1823.4,0,1509.7752
10402,23,60,544.2,0,450.5976
10402,63,65,1231.1,0,1019.3508
10403,16,21,245.1225,31.9725,176.4882
10403,48,70,2562.315,334.215,1844.8668
10404,26,30,1068.795,50.895,842.8212
10404,42,40,561.54,26.74,442.8144
10404,49,30,624.33,29.73,492.3288
10405,3,50,924,0,791.6578
10406,1,10,197.6,0,163.6128
10406,21,30,346.83,31.53,277.302
10406,28,42,2187.108,198.828,1646.2958
10406,36,5,43.34,3.94,32.6232
10406,40,2,41.646,3.786,31.3481
10407,11,30,765.6,0,633.9168
10407,69,15,31.65,0,26.2062
10407,71,15,484.95,0,401.5386
10408,37,10,39.2,0,32.4576
10408,54,6,204.54,0,169.3591
10408,62,35,1088.85,0,901.5678
10409,14,12,294.96,0,244.2269
10409,21,12,131.52,0,108.8986
10410,33,49,1272.04,0,1053.2491
10410,59,16,149.12,0,123.4714
10411,41,25,277.2,46.2,191.268
10411,44,40,3298.56,549.76,2276.0064
10411,59,9,98.928,16.488,68.2603
10412,14,20,560.78,50.98,422.1144
10413,1,24,504.24,0,417.5107
10413,62,40,1214.8,0,1005.8544
10413,76,14,5809.44,0,4810.2163
10414,19,18,166.32,7.92,131.1552
10414,33,50,1290.5,0,1107.4765
10415,17,2,45.34,0,37.5415
10415,33,20,516.8,0,464.8058
10416,19,20,187.6,0,155.4529
10416,53,10,553.2,0,458.0496
10416,57,20,374.8,0,310.3344
10417,38,50,3960.5,0,3292.6152
10417,46,2,31.55,6.31,20.8987
10417,68,36,565.2,113.04,374.3885
10417,77,35,465.5,0,385.434
10418,2,60,1164.6,0,964.2888
10418,47,55,1410.75,0,1168.101
10418,61,16,388.8,0,321.9264
10418,74,15,463.65,0,383.9022
10419,60,60,289.17,13.77,228.0312
10419,69,20,39.27,1.87,32.6502
10420,9,20,806.96,73.36,607.4208
10420,13,2,59.136,5.376,44.5133
10420,70,8,276.056,25.096,207.7949
10420,73,20,23.76,2.16,17.8848
10421,19,4,42.044,5.484,30.2717
10421,26,30,955.8,0,791.4024
10421,53,15,964.275,125.775,694.278
10421,77,10,138.345,18.045,104.8294
10422,26,2,56.66,0,46.9145
10423,31,14,107.66,0,89.1425
10423,59,20,178.4,0,147.7152
10424,35,60,399.6,66.6,275.724
10424,38,49,5068.56,844.76,3497.3064
10424,68,30,450.72,75.12,324.651
10425,55,10,450.5,90.1,298.4112
10425,76,20,9035.75,1807.15,5985.2808
10426,56,5,181.45,0,150.2406
10426,64,7,233.24,0,193.1227
10427,14,35,851.55,0,706.8956
10428,46,20,241.4,0,199.8792
10429,50,40,686,0,568.008
10429,63,35,951.5625,190.3125,630.315
10430,17,45,1217.16,202.86,839.8404
10430,21,50,513,0,424.764
10430,56,30,1087.5,0,900.45
10430,59,70,719.04,119.84,496.1376
10431,17,50,1585.625,317.125,1050.318
10431,40,50,1118.75,223.75,741.06
10431,47,30,1012.125,202.425,670.4316
10432,26,10,300.4,0,248.7312
10432,54,40,1364.8,0,1130.0544
10433,56,28,1072.68,0,888.179
10434,11,6,156.78,0,129.8138
10434,76,18,8931.843,1165.023,6430.927
10435,2,10,200.5,0,166.014
10435,22,12,45,0,37.26
10435,72,10,126,0,104.328
10436,46,5,64.25,0,53.199
10436,56,40,1661.44,151.04,1250.6112
10436,64,30,1199.22,109.02,902.6856
10436,75,24,189.552,17.232,142.681
10437,53,15,872.55,0,722.4714
10438,19,15,171.36,28.56,118.2384
10438,34,20,179.52,29.92,123.8688
10438,57,15,365.4,60.9,252.126
10439,12,15,153.3,0,126.9324
10439,16,16,159.68,0,132.215
10439,64,6,210.12,0,173.9794
10439,74,30,985.5,0,815.994
10440,2,45,1046.385,136.485,753.3972
10440,16,49,520.674,67.914,374.8853
10440,29,24,3564.54,464.94,2566.4688
10440,61,90,2685.825,350.325,1933.794
10441,27,50,2212.5,0,1831.95
10442,11,30,919.2,0,761.0976
10442,54,80,2913.6,0,2412.4608
10442,66,60,1168.8,0,967.7664
10443,11,6,192.312,32.052,132.6953
10443,28,12,522.24,0,432.4147
10444,17,10,270,0,223.56
10444,26,15,464.55,0,384.6474
10444,35,8,45.6,0,37.7568
10444,41,30,275.7,0,228.2796
10445,39,6,351.42,0,290.9758
10445,54,15,529.8,0,445.4543
10446,19,12,122.232,11.112,92.0074
10446,24,20,92.62,8.42,69.7176
10446,31,3,27.291,2.481,20.5427
10446,52,15,1266.54,115.14,953.3592
10447,19,40,341.2,0,282.5136
10447,65,35,366.8,0,303.7104
10447,71,2,57.08,0,47.2622
10448,26,6,195.18,0,161.609
10448,40,20,373,0,308.844
10449,10,14,97.86,0,81.0281
10449,52,20,1759.6,0,1456.9488
10449,62,35,1044.4,0,892.9365
10450,10,20,183.36,30.56,127.4957
10450,54,6,253.584,42.264,174.973
10451,55,120,5283.96,480.36,3977.3808
10451,64,35,1383.69,125.79,1041.5412
10451,65,28,328.328,29.848,247.1414
10451,77,55,756.855,68.805,569.7054
10452,28,15,736.35,0,609.6978
10452,44,100,8495.55,404.55,6699.348
10453,48,15,592.35,53.85,445.878
10453,70,25,836.825,76.075,629.901
10454,16,20,213.12,35.52,147.0528
10454,33,20,668.88,111.48,461.5272
10454,46,10,143.64,23.94,99.1116
10455,39,20,1297.8,0,1074.5784
10455,53,50,3115.5,0,2579.634
10455,61,25,668.75,0,553.725
10455,71,30,835.5,0,691.794
10456,21,40,422.74,55.14,336.004
10456,49,21,484.932,63.252,349.151
10457,59,36,282.6,0,248.1619
10458,26,30,846.3,0,700.7364
10458,28,30,1445.7,0,1197.0396
10458,43,20,252.8,0,217.8839
10458,56,15,604.8,0,500.7744
10458,71,50,1502,0,1243.656
10459,7,16,655.872,31.232,517.2019
10459,46,20,251.58,11.98,198.3888
10459,72,40,512.4,0,424.2672
10460,68,21,310.5375,62.1075,205.7
10460,75,4,39.6,7.92,26.231
10461,21,40,493,98.6,326.5632
10461,30,28,955.15,191.03,632.6914
10461,55,60,2643,528.6,1750.7232
10462,13,1,27.09,0,22.4305
10462,23,21,178.5,0,156.1513
10463,19,21,203.07,0,168.142
10463,42,50,743,0,615.204
10464,4,16,429.888,71.648,296.6227
10464,43,3,33.54,0,27.7711
10464,56,30,1417.32,236.22,977.9508
10464,60,20,103.6,0,85.7808
10465,24,25,110.25,0,91.287
10465,29,18,2646.864,240.624,2087.2047
10465,40,20,387,0,320.436
10465,45,30,339.57,30.87,255.6036
10465,50,25,378.25,0,313.191
10466,11,10,257.3,0,217.8903
10466,46,5,59.25,0,49.059
10467,24,28,128.8,0,116.1418
10467,25,12,161.52,0,145.9954
10468,30,8,188.4,0,155.9952
10468,43,15,173.85,0,143.9478
10469,2,40,807.76,105.36,581.5872
10469,16,35,384.79,50.19,277.0488
10469,44,2,156.814,20.454,112.9061
10470,18,30,755.7,0,654.3161
10470,23,15,133.65,0,110.6622
10470,64,8,291.12,0,241.0474
10471,7,30,1192.2,0,1023.5194
10471,56,20,796.4,0,659.4192
10472,24,80,351.96,16.76,281.694
10472,51,18,1632.42,0,1351.6438
10473,33,12,319.08,0,264.1982
10473,71,12,391.44,0,324.1123
10474,14,12,295.8,0,244.9224
10474,28,18,789.66,0,653.8385
10474,40,21,374.22,0,309.8542
10474,75,10,76.3,0,63.1764
10475,31,35,374.7275,48.8775,269.8038
10475,66,60,1189.56,155.16,924.3776
10475,76,42,20042.0851,2614.1851,14430.3012
10476,55,2,79.044,3.764,62.3318
10476,70,12,313.68,0,259.727
10477,1,15,316.65,0,262.1862
10477,21,21,236.775,47.355,161.4655
10477,39,20,1427.5,285.5,945.576
10478,10,20,138.6,6.6,109.296
10479,38,30,2492.1,0,2063.4588
10479,53,28,1833.16,0,1517.8565
10479,59,60,493.2,0,408.3696
10479,64,30,1044.9,0,865.1772
10480,47,30,780.3,0,646.0884
10480,59,12,97.68,0,80.879
10481,49,24,454.8,0,386.2125
10481,60,40,204.8,0,169.5744
10482,40,10,175.9,0,152.0496
10483,34,35,294,14,231.84
10483,77,30,443.205,21.105,349.4988
10484,21,14,134.12,0,111.0514
10484,40,10,184,0,152.352
10484,51,3,272.88,0,225.9446
10485,2,20,383.68,34.88,288.8064
10485,3,20,476.96,43.36,359.0208
10485,55,30,1161.93,105.63,874.6164
10485,70,60,1768.8,160.8,1331.424
10486,11,5,141.9,0,117.4932
10486,51,25,2421.25,0,2004.795
10486,74,16,439.84,0,364.1875
10487,19,5,48.45,0,40.1166
10487,26,30,1002,0,829.656
10487,54,24,1008.3,201.66,667.8979
10488,59,30,264,0,218.592
10488,73,20,29.04,4.84,20.0376
10489,11,15,529.5,105.9,350.7408
10489,16,18,159.84,0,132.3475
10490,59,60,518.4,0,433.4823
10490,68,30,398.7,0,341.6847
10490,75,36,270,0,223.56
10491,44,15,1420.365,185.265,1022.6628
10491,77,7,114.31,14.91,82.3032
10492,25,60,868.14,41.34,684.5904
10492,42,20,290.22,13.82,254.2259
10493,65,15,156.585,14.235,117.8658
10493,66,10,219.23,19.93,165.0204
10493,69,10,20.57,1.87,15.4836
10494,56,30,1061.1,0,878.5908
10495,23,10,83.3,0,68.9724
10495,41,20,204.4,0,169.2432
10495,77,5,65.6,0,54.3168
10496,31,20,171.57,8.17,135.2952
10497,56,14,579.46,0,479.7929
10497,72,25,278,0,230.184
10497,77,25,303,0,250.884
10498,24,14,68.6,0,56.8008
10498,40,5,90,0,74.52
10498,42,30,453,0,375.084
10499,28,20,872.8,0,772.1489
10499,49,25,476.5,0,394.542
10500,15,12,81.018,3.858,63.8885
10500,28,8,394.128,18.768,310.7981
10501,54,20,755.8,0,687.421
10502,45,21,210,0,173.88
10502,53,6,400.98,0,332.0114
10502,67,30,1899.6,0,1572.8688
10503,14,70,1743.7,0,1443.7836
10503,65,20,197.4,0,181.1092
10504,2,12,246,0,203.688
10504,21,12,129,0,106.812
10504,53,10,623.2,0,516.0096
10504,61,25,650.5,0,538.614
10505,62,3,94.08,0,77.8982
10506,25,18,292.446,26.586,220.1321
10506,70,14,473.55,43.05,356.454
10507,43,15,196.8225,25.6725,141.7122
10507,48,15,551.1375,71.8875,396.819
10508,13,10,240.9,0,199.4652
10508,39,10,640.2,0,530.0856
10509,28,3,149.76,0,134.1337
10510,29,36,4764.24,0,3944.7907
10510,75,36,312.444,28.404,235.1851
10511,4,50,1371.95,178.95,987.804
10511,7,50,2442.6,318.6,1758.672
10511,8,10,252.655,32.955,181.9116
10512,24,10,52.9,6.9,38.088
10512,46,9,129.8925,16.9425,93.5226
10512,47,6,183.885,23.985,132.3972
10512,60,12,72.45,9.45,52.164
10513,21,40,475.68,79.28,328.2192
10513,32,50,1079.4,179.9,744.786
10513,61,15,460.26,76.71,317.5794
10514,20,39,3433.17,0,2842.6648
10514,28,35,1618.05,0,1339.7454
10514,56,70,2674.7,0,2214.6516
10514,65,39,429,0,361.3885
10514,75,50,368.5,0,305.118
10515,9,16,773.72,100.92,557.0784
10515,16,50,434,0,359.352
10515,27,120,5004,0,4143.312
10515,33,16,515.384,67.224,371.0765
10515,60,84,516.81,67.41,372.1032
10516,18,25,749.375,68.125,564.075
10516,41,80,924,84,695.52
10516,42,20,291.4,0,261.3874
10517,52,6,512.94,0,424.7143
10517,59,4,33.2,0,27.4896
10517,70,6,186.54,0,154.4551
10518,24,5,21.65,0,17.9262
10518,38,15,1150.35,0,952.4898
10518,44,9,691.29,0,572.3881
10519,10,16,126.84,6.04,100.0224
10519,56,40,1629.2,0,1348.9776
10519,60,10,53.655,2.555,42.3108
10520,24,8,37.44,0,31.0003
10520,53,5,284.5,0,235.566
10521,35,3,18.72,0,15.5002
10521,41,10,96.3,0,79.7364
10521,68,6,76.68,0,63.491
10522,1,40,1038.24,173.04,716.3856
10522,8,24,502.32,0,415.921
10522,30,20,621.12,103.52,428.5728
10522,40,25,547.5,91.25,377.775
10523,17,25,672.375,61.125,506.115
10523,20,15,1385.01,125.91,1042.5348
10523,37,18,79.794,7.254,60.8305
10523,41,6,68.64,6.24,51.6672
10524,10,2,14.98,0,12.4034
10524,30,10,272.5,0,225.63
10524,43,60,780,0,645.84
10524,54,15,513.45,0,425.1366
10525,36,30,219.3,0,195.8452
10525,40,15,304.59,27.69,229.2732
10526,1,8,179.676,23.436,129.3667
10526,13,10,262.4,0,217.2672
10526,56,30,1438.305,187.605,1035.5796
10527,4,50,1294.15,117.65,1038.547
10527,36,30,277.2,25.2,208.656
10528,11,3,88.11,0,72.9551
10528,33,8,261.408,43.568,180.3715
10528,72,9,95.94,0,79.4383
10529,55,14,517.58,0,428.5562
10529,68,20,274.6,0,227.3688
10529,69,10,20.6,0,17.0568
10530,17,40,968,0,801.504
10530,43,25,272.75,0,225.837
10530,61,20,554.2,0,448.902
10530,76,50,19557.5,0,15841.575
10531,59,2,15.8,0,12.798
10532,30,15,369.9,0,299.619
10532,66,24,449.28,0,363.9168
10533,4,50,1061.025,50.525,818.505
10533,72,24,264.72,0,214.4232
10533,73,24,25.704,1.224,19.8288
10534,30,10,263.1,0,213.111
10534,40,10,221.76,36.96,149.688
10534,54,10,443.4,73.9,299.295
10535,11,50,1556.5,141.5,1146.15
10535,40,10,213.4,19.4,157.14
10535,57,5,112.09,10.19,82.539
10535,59,15,126.39,11.49,93.069
10536,12,15,181.875,36.375,117.855
10536,31,20,178.2,0,144.342
10536,33,30,692.4,0,560.844
10536,60,35,213.0625,42.6125,138.0645
10537,31,30,240,0,194.4
10537,51,6,552.84,0,447.8004
10537,58,20,1043.4,0,845.154
10537,72,21,233.52,0,189.1512
10537,73,9,9.36,0,7.5816
10538,70,7,212.52,0,172.1412
10538,72,1,11.58,0,9.3798
10539,13,8,199.12,0,161.2872
10539,21,15,163.65,0,132.5565
10539,33,15,414.6,0,335.826
10539,49,6,125.4,0,102.2553
10540,3,60,1146,0,928.26
10540,26,40,1368.4,0,1108.404
10540,38,30,2527.2,0,2047.032
10540,68,35,456.4,0,369.684
10541,24,35,162.47,14.77,119.637
10541,38,4,340.824,30.984,250.9704
10541,65,36,366.3,33.3,269.73
10541,71,9,274.329,24.939,202.0059
10542,11,15,444.3075,21.1575,342.7515
10542,54,24,822.024,39.144,634.1328
10543,12,30,358.8,46.8,252.72
10543,23,70,772.8,100.8,544.32
10544,28,7,304.15,0,246.3615
10544,67,7,453.6,0,367.416
10545,11,10,263.7,0,219.9619
10546,7,10,434.6,0,352.026
10546,35,30,181.8,0,147.258
10546,62,40,1180.4,0,956.124
10547,32,24,492.384,64.224,346.8096
10547,36,60,514.8,0,416.988
10548,34,10,109.125,21.825,70.713
10548,41,14,146.72,0,118.8432
10549,31,55,487.025,63.525,343.035
10549,45,100,1084.45,141.45,763.83
10549,51,48,5390.832,703.152,3797.0208
10550,17,8,225.632,20.512,166.1472
10550,19,10,95.2,0,77.112
10550,21,6,62.7,5.7,46.17
10550,61,10,282.15,25.65,207.765
10551,16,40,391.46,51.06,275.724
10551,35,20,130.18,16.98,91.692
10551,44,40,2739.6,0,2219.076
10552,69,18,34.56,0,27.9936
10552,75,30,214.8,0,173.988
10553,11,15,454.35,0,368.0235
10553,16,14,127.82,0,103.5342
10553,22,24,78.72,0,63.7632
10553,31,30,248.1,0,200.961
10553,35,6,37.5,0,30.375
10554,16,30,309.015,14.715,238.383
10554,23,20,197.82,9.42,152.604
10554,62,20,562.8,26.8,434.16
10554,77,10,143.01,6.81,110.322
10555,14,30,772.56,128.76,521.478
10555,19,35,357,59.5,240.975
10555,24,18,88.56,14.76,59.778
10555,51,20,2441.04,406.84,1647.702
10555,56,40,1915.2,319.2,1292.76
10556,72,24,281.28,0,227.8368
10557,64,30,1084.5,0,878.445
10557,75,20,157.6,0,127.656
10558,47,25,619,0,501.39
10558,51,20,1828.6,0,1588.9367
10558,52,30,2554.2,0,2068.902
10558,53,18,1013.94,0,821.2914
10558,73,3,2.97,0,2.4057
10559,41,12,109.872,5.232,84.7584
10559,55,18,736.344,35.064,568.0368
10560,30,20,512.4,0,415.044
10560,62,15,585,117,379.08
10561,44,10,688.9,0,558.009
10561,51,50,5042.5,0,4084.425
10562,33,20,579.04,52.64,426.384
10562,62,10,320.32,29.12,235.872
10563,36,25,202,0,163.62
10563,52,70,5688.9,0,4608.009
10564,17,16,422.352,20.112,325.8144
10564,31,6,48.51,2.31,37.422
10564,55,25,930.5625,44.3125,717.8625
10565,24,25,121.825,11.075,89.7075
10565,64,18,697.752,63.432,513.7992
10566,11,35,1054.55,137.55,742.77
10566,18,18,545.652,71.172,384.3288
10566,76,10,3986.3,0,3228.903
10567,31,60,624.24,104.04,421.362
10567,51,3,324.06,0,262.4886
10567,59,40,386.88,64.48,261.8772
10568,10,5,32.45,0,26.2845
10569,31,35,358.26,59.71,265.7266
10569,76,30,11229.9,0,9096.219
10570,11,15,484.785,23.085,373.977
10570,56,60,2530.71,120.51,1952.262
10571,14,11,278.1735,36.2835,195.9309
10571,42,28,435.988,56.868,307.0872
10572,16,12,131.736,11.976,97.0056
10572,32,10,223.96,20.36,164.916
10572,40,50,971.5,0,786.915
10572,75,15,137.28,12.48,101.088
10573,17,18,438.66,0,355.3146
10573,34,40,295.2,0,239.112
10573,53,25,1640.25,0,1328.6025
10574,33,14,387.1,0,313.551
10574,40,2,38.58,0,31.2498
10574,62,10,300.3,0,243.243
10574,64,6,212.88,0,172.4328
10575,59,12,112.08,0,90.7848
10575,63,6,118.26,0,95.7906
10575,72,30,335.1,0,271.431
10575,76,10,4060.8,0,3533.3719
10576,1,10,219.4,0,177.714
10576,31,20,165,0,143.5829
10576,44,21,1611.96,0,1305.6876
10577,39,10,627.2,0,508.032
10577,75,20,167.2,0,135.432
10577,77,18,215.1,0,177.8927
10578,35,20,129.4,0,104.814
10578,57,6,117.78,0,100.1533
10579,15,10,70.9,0,57.429
10579,75,21,165.27,0,133.8687
10580,14,15,363.3525,17.3025,280.3005
10580,41,9,92.043,4.383,72.8989
10580,65,30,292.32,13.92,241.3001
10581,75,50,467.4,77.9,315.495
10582,57,4,70.64,0,57.2184
10582,76,14,5523.28,0,4473.8568
10583,29,10,1157.6,0,937.656
10583,60,24,141.312,18.432,99.5328
10583,69,10,22.195,2.895,15.633
10584,31,50,480.375,22.875,373.3369
10585,47,15,375.6,0,304.236
10586,52,4,375.406,48.966,264.4164
10587,26,6,199.74,0,161.7894
10587,35,20,128.4,0,104.004
10587,77,20,246.4,0,200.0158
10588,18,40,1262.4,210.4,852.12
10588,42,100,1669.2,278.2,1126.71
10589,35,4,24.32,0,19.6992
10590,1,20,403.6,0,326.916
10590,77,60,885.78,42.18,683.316
10591,3,14,272.72,0,220.9032
10591,7,10,385.6,0,312.336
10591,54,50,1851,0,1499.31
10592,15,25,155.4,7.4,119.88
10592,26,5,151.515,7.215,116.883
10593,20,21,2096.388,349.398,1415.0619
10593,69,20,47.04,7.84,31.752
10593,76,4,2010.96,335.16,1482.5368
10594,52,24,1964.16,0,1590.9696
10594,58,30,1368.9,0,1108.809
10595,35,30,219.75,43.95,142.398
10595,61,120,3897,779.4,2525.256
10595,69,65,146.25,29.25,94.77
10596,56,5,215.46,35.91,145.4355
10596,63,24,543.168,90.528,400.7124
10596,75,30,268.92,44.82,181.521
10597,24,35,206.64,34.44,139.482
10597,57,20,363.6,0,294.516
10597,65,12,136.512,22.752,102.2684
10598,27,50,2074.5,0,1680.345
10598,71,9,255.96,0,207.3276
10599,62,10,305.1,0,247.131
10600,54,4,141.44,0,114.5664
10600,73,30,35.1,0,28.431
10601,13,60,1422,0,1151.82
10601,59,35,303.1,0,245.511
10602,77,5,81.8125,16.3625,53.0145
10603,22,48,159.84,0,129.4704
10603,49,25,507.4125,24.1625,391.4325
10604,48,6,220.506,20.046,162.3726
10604,76,10,4068.24,369.84,2995.704
10605,16,30,297.99,14.19,229.878
10605,59,20,166.95,7.95,128.79
10605,60,70,399.84,19.04,308.448
10605,71,15,508.5675,24.2175,392.3235
10606,4,20,548.64,91.44,370.332
10606,55,20,1002.48,167.08,676.674
10606,62,10,351.72,58.62,238.0051
10607,7,45,1629.45,0,1319.8545
10607,17,100,2436,0,1973.16
10607,33,14,340.2,0,275.562
10607,40,42,700.14,0,567.1134
10607,72,12,150.6,0,121.986
10608,56,28,1155.28,0,935.7768
10609,1,3,55.5,0,44.955
10609,10,10,65.7,0,53.217
10609,21,6,64.14,0,51.9534
10610,36,21,198.975,39.795,128.9358
10611,1,6,118.5,0,95.985
10611,2,10,205.5,0,166.455
10611,60,15,79.2,0,64.152
10612,10,70,497,0,402.57
10612,36,55,400.95,0,324.7695
10612,49,18,324,0,262.44
10612,60,40,182.8,0,148.068
10612,76,80,32075.2,0,25980.912
10613,13,8,241.12,21.92,177.552
10613,75,40,340.8,0,276.048
10614,11,14,365.54,0,296.0874
10614,21,8,87.36,0,70.7616
10614,39,5,298.05,0,241.4205
10615,55,5,209.25,0,169.4925
10616,38,15,1191.8025,56.7525,964.3387
10616,56,14,561.54,0,454.8474
10616,70,15,416.43,19.83,321.246
10616,71,15,477.0675,22.7175,368.0235
10617,59,30,301.875,39.375,212.625
10618,6,70,270.9,0,219.429
10618,56,20,832,0,673.92
10618,68,15,184.95,0,149.8095
10619,21,42,383.88,0,310.9428
10619,22,40,130.8,0,105.948
10620,24,5,22.05,0,17.8605
10620,52,5,415.4,0,336.474
10621,19,5,49.45,0,40.0545
10621,23,10,96.4,0,78.084
10621,70,20,546.8,0,442.908
10621,71,15,487.05,0,394.5105
10622,2,20,355.2,0,287.712
10622,68,18,279.288,46.548,208.8587
10623,14,21,508.41,0,449.9168
10623,19,15,154.275,14.025,113.6025
10623,21,25,276.375,25.125,203.5125
10623,24,3,13.11,0,10.6191
10623,35,30,202.29,18.39,148.959
10624,28,10,448.6,0,363.366
10624,29,6,725.7,0,587.817
10624,44,10,825.4,0,668.574
10625,14,3,72.75,0,58.9275
10625,42,5,74.6,0,60.426
10625,60,10,48.7,0,39.447
10626,53,12,761.28,0,616.6368
10626,60,20,99,0,80.19
10626,71,20,663.2,0,537.192
10627,62,15,460.8,0,373.248
10627,73,35,47.495,6.195,33.9156
10628,1,25,455.75,0,369.1575
10629,29,20,2389.8,0,1935.738
10629,64,9,274.05,0,221.9805
10630,55,12,444.528,21.168,354.6635
10630,76,35,14078.05,0,11403.2205
10631,75,8,61.864,5.624,45.5544
10632,2,30,607.005,28.905,468.261
10632,33,20,522.48,24.88,403.056
10633,12,36,403.236,52.596,284.0184
10633,13,13,361.192,47.112,254.4048
10633,26,35,1284.3775,167.5275,904.6485
10633,62,80,2668,348,1879.2
10634,7,35,1290.45,0,1045.2645
10634,18,50,1381.5,0,1119.015
10634,51,15,1514.85,0,1227.0285
10634,75,2,15.08,0,12.2148
10635,4,10,263.01,23.91,193.671
10635,5,15,95.535,8.685,70.3485
10635,22,40,129.2,0,104.652
10636,4,25,515.75,0,417.7575
10636,58,6,285.78,0,231.4818
10637,11,10,267.7,0,216.837
10637,50,25,416.0625,19.8125,320.9625
10637,56,60,2314.62,110.22,1785.564
10638,45,20,177.2,0,143.532
10638,65,21,212.94,0,172.4814
10638,72,60,646.2,0,523.422
10639,18,8,193.36,0,156.6216
10640,69,20,46,9.2,29.808
10640,70,15,516,103.2,334.368
10641,2,50,929,0,752.49
10641,40,60,1187.4,0,961.794
10642,21,30,381.24,63.54,257.337
10642,61,20,643.92,107.32,434.646
10643,28,15,873,174.6,565.704
10643,39,21,1478.4,295.68,958.0032
10643,46,2,27.875,5.575,18.063
10644,18,4,114.224,10.384,84.1104
10644,43,20,262,0,212.22
10644,46,21,300.3,27.3,221.13
10645,18,20,525.2,0,425.412
10645,36,15,118.95,0,96.3495
10646,1,15,364.6875,72.9375,236.3175
10646,10,18,142.875,28.575,92.583
10646,71,30,1125,225,729
10646,77,35,576.1875,115.2375,373.3695
10647,19,30,271.2,0,219.672
10647,39,20,1264,0,1023.84
10648,22,15,52.65,0,42.6465
10648,24,15,83.6625,10.9125,58.9275
10649,28,20,948.6,0,768.366
10649,72,15,182.85,0,148.1085
10650,30,30,825.3,0,668.493
10650,53,25,1635.375,77.875,1261.575
10650,54,30,1060.5,0,859.005
10651,19,12,137.25,27.45,94.8332
10651,22,20,88.75,17.75,57.51
10652,30,2,65.6,13.12,42.5088
10652,42,20,267.6,0,216.756
10653,16,30,329.01,29.91,242.271
10653,60,20,108.9,9.9,80.19
10654,4,12,296.604,26.964,225.25
10654,39,20,1397.88,127.08,1029.348
10654,54,6,212.85,19.35,156.735
10655,41,20,251.28,41.88,169.614
10656,14,3,82.929,7.539,61.6287
10656,44,28,2095.016,190.456,1542.6936
10656,47,6,156.618,14.238,115.3278
10657,15,50,313.5,0,253.935
10657,41,24,245.04,0,198.4824
10657,46,45,584.1,0,473.121
10657,47,10,253.2,0,205.092
10657,56,45,1809.45,0,1465.6545
10657,60,30,144.6,0,117.126
10658,21,60,582,0,471.42
10658,40,70,1462.65,69.65,1128.33
10658,60,55,265.65,12.65,204.93
10658,77,70,937.86,44.66,723.492
10659,31,20,173.04,8.24,133.488
10659,40,24,490.14,23.34,378.108
10659,70,40,1098.72,52.32,847.584
10660,20,21,1817.55,0,1472.2155
10661,39,3,236.268,39.378,159.4809
10661,58,49,3075.24,512.54,2075.787
10662,68,10,129.1,0,104.571
10663,40,30,609.21,29.01,469.962
10663,42,30,464.94,22.14,366.7775
10663,51,20,2033.43,96.83,1568.646
10664,10,24,189.06,24.66,133.164
10664,56,12,573.528,74.808,403.9632
10664,65,15,171.6375,22.3875,120.8925
10665,51,20,1880.6,0,1523.286
10665,59,1,8.03,0,6.5043
10665,76,10,3610.5,0,2924.505
10666,29,36,4708.8,0,3814.128
10666,65,10,110.4,0,89.424
10667,69,45,116.64,19.44,78.732
10667,71,14,522.648,87.108,352.7874
10668,31,8,71.896,6.536,52.9416
10668,55,4,181.28,16.48,133.488
10668,64,15,596.805,54.255,461.1145
10669,36,30,241.8,0,195.858
10670,23,32,274.88,0,222.6528
10670,46,60,745.8,0,667.4509
10670,67,25,1468.25,0,1189.2825
10670,73,50,56.5,0,45.765
10670,75,25,184.5,0,149.445
10671,16,10,101,0,81.81
10671,62,10,273.5,0,221.535
10671,65,12,121.92,0,98.7552
10672,38,15,1367.85,124.35,1094.7984
10672,71,12,389.64,0,315.6084
10673,16,3,29.01,0,23.4981
10673,42,6,81.18,0,65.7558
10673,43,6,74.34,0,63.9842
10674,23,5,48.55,0,39.3255
10675,14,30,653.7,0,529.497
10675,53,10,661.8,0,536.058
10675,58,30,1337.7,0,1083.537
10676,10,2,12.96,0,10.4976
10676,19,7,67.55,0,56.0862
10676,44,21,1565.76,0,1268.2656
10677,26,30,1158.51,151.11,815.994
10677,33,8,243.892,31.812,171.7848
10678,12,100,960,0,777.6
10678,33,30,756,0,612.36
10678,41,120,1215.6,0,984.636
10678,54,30,1074.3,0,870.183
10679,59,12,102.12,0,82.7172
10680,16,50,533.125,106.625,345.465
10680,31,20,195.25,39.05,126.522
10680,42,40,693.5,138.7,449.388
10681,19,30,319.77,29.07,256.1847
10681,21,12,122.364,11.124,90.1044
10681,64,28,899.36,0,728.4816
10682,33,30,764.1,0,618.921
10682,66,4,74.16,0,60.0696
10682,75,30,247.5,0,200.475
10683,52,9,688.41,0,557.6121
10684,40,20,364.8,0,295.488
10684,47,40,1051.6,0,851.796
10684,60,30,164.7,0,133.407
10685,10,20,150.6,0,121.986
10685,41,4,36.84,0,29.8404
10685,47,15,375.3,0,303.993
10686,17,30,813.6,135.6,549.18
10686,26,15,443.25,0,359.0325
10687,9,50,2573.125,514.625,1667.385
10687,29,10,1321.2,0,1070.172
10687,36,6,58.05,11.61,37.6164
10688,10,18,140.184,12.744,103.2264
10688,28,60,2856.48,259.68,2103.408
10688,34,14,111.86,0,90.6066
10689,1,35,804.125,160.825,521.073
10690,56,20,1026.25,205.25,665.01
10690,77,30,502.5,100.5,325.62
10691,1,30,639,0,517.59
10691,29,40,4824.8,0,3908.088
10691,43,40,457.6,0,370.656
10691,44,24,1781.04,0,1442.6424
10691,62,48,1326.24,0,1074.2544
10692,63,20,385,0,322.9932
10693,9,6,211.8,0,182.4293
10693,54,60,2555.76,333.36,1800.144
10693,69,30,74.865,9.765,52.731
10693,73,15,20.355,2.655,14.337
10694,7,90,3359.7,0,2721.357
10694,59,25,202.5,0,164.025
10694,70,50,1350.5,0,1093.905
10695,8,10,182,0,147.42
10695,12,4,39.28,0,31.8168
10695,24,20,98.4,0,79.704
10696,17,20,509.6,0,412.776
10696,46,18,216.36,0,175.2516
10697,19,7,73.675,14.735,47.7414
10697,35,9,67.6125,13.5225,43.8129
10697,58,30,1641.75,328.35,1063.854
10697,70,30,1040.625,208.125,674.325
10698,11,15,392.55,0,348.3246
10698,17,8,201.348,9.588,155.3256
10698,29,12,1570.842,74.802,1211.7924
10698,65,65,687.96,32.76,530.712
10698,70,8,250.908,11.948,193.5576
10699,47,12,286.56,0,232.1136
10700,1,5,121.86,20.31,82.2555
10700,34,12,125.856,20.976,84.9528
10700,68,40,649.44,108.24,438.372
10700,71,60,2067.84,344.64,1395.792
10701,59,42,420.693,54.873,296.3142
10701,71,20,739.68,96.48,520.992
10701,76,35,14456.1901,1885.5901,10182.186
10702,3,6,120.96,0,97.9776
10702,76,15,6430.35,0,5208.5835
10703,2,5,92.8,0,75.168
10703,59,35,310.8,0,251.748
10703,73,35,38.15,0,30.9015
10704,4,6,144.84,0,117.3204
10704,24,35,160.3,0,129.843
10704,48,24,712.08,0,576.7848
10705,31,20,183,0,148.23
10705,32,4,78.72,0,69.1053
10706,16,20,179.2,0,145.152
10706,43,24,281.76,0,228.2256
10706,59,8,68.24,0,55.2744
10707,55,21,878.01,0,711.1881
10707,57,40,764.4,0,619.164
10707,70,28,953.764,124.404,671.7816
10708,5,4,21.64,0,17.5284
10708,36,5,41.9,0,33.939
10709,8,40,813.2,0,658.692
10709,51,28,2561.44,0,2074.7664
10709,60,10,49.1,0,39.771
10710,19,5,42.25,0,34.2225
10710,47,5,131.55,0,106.5555
10711,19,12,105.24,0,92.9528
10711,41,42,393.96,0,319.1076
10711,53,120,7548,0,6113.88
10712,53,3,185.535,8.835,148.9353
10712,56,30,1068.6,0,865.566
10713,10,18,116.28,0,94.1868
10713,26,30,941.7,0,762.777
10713,45,110,1129.7,0,989.4563
10713,46,24,273.84,0,221.8104
10714,2,30,653.25,130.65,423.306
10714,17,27,816.4125,163.2825,529.0353
10714,47,50,1746.875,349.375,1131.975
10714,56,18,775.8,155.16,502.7184
10714,58,12,651.9,130.38,422.4312
10715,10,21,137.76,0,111.5856
10715,71,30,953.7,0,772.497
10716,21,5,48.7,0,39.447
10716,51,7,730.52,0,591.7212
10716,61,10,255.7,0,229.533
10717,21,32,339.696,16.176,262.0512
10717,54,15,523.65,0,424.1565
10717,69,25,50.1375,2.3875,38.6775
10718,12,36,363.96,0,294.8076
10718,16,20,181.4,0,146.934
10718,36,40,314,0,254.34
10718,62,20,603.2,0,488.592
10719,18,12,408.45,81.69,264.6756
10719,30,3,100.65,20.13,70.1569
10719,54,40,1712.5,342.5,1109.7
10720,35,21,138.18,0,111.9258
10720,71,8,238.24,0,192.9744
10721,44,50,3967.425,188.925,3060.585
10722,2,3,58.41,0,47.3121
10722,31,50,392.5,0,317.925
10722,68,45,527.85,0,432.4704
10722,75,42,309.12,0,250.3872
10723,26,15,480.75,0,389.4075
10724,10,16,123.04,0,99.6624
10724,61,5,134.1,0,108.621
10725,41,12,123.36,0,99.9216
10725,52,4,290.84,0,235.5804
10725,55,6,249.6,0,202.176
10726,4,25,565.5,0,458.055
10726,11,5,146.95,0,119.0295
10727,17,20,577.08,27.48,445.2786
10727,56,10,435.435,20.735,335.907
10727,59,10,86.625,4.125,66.825
10728,30,15,356.25,0,288.5625
10728,40,6,106.92,0,86.6052
10728,55,12,450.84,0,365.1804
10728,60,15,79.95,0,64.7595
10729,1,50,1026,0,831.06
10729,21,30,284.7,0,230.607
10729,50,40,660.4,0,534.924
10730,16,15,137.8125,6.5625,106.3125
10730,31,3,27.468,1.308,21.1896
10730,65,10,95.13,4.53,73.386
10731,21,40,412.02,19.62,317.844
10731,51,30,2959.74,140.94,2283.228
10732,76,20,8250,0,6682.5
10733,14,16,348.32,0,282.1392
10733,28,20,998.8,0,809.028
10733,52,25,2147.5,0,1739.475
10734,6,30,120.9,0,97.929
10734,30,15,351.3,0,287.0694
10734,76,20,8252.4,0,6862.0993
10735,61,20,570.46,51.86,420.066
10735,77,2,27.61,2.51,20.331
10736,65,40,374,0,302.94
10736,75,20,151,0,122.31
10737,13,4,102.24,0,83.8444
10737,41,12,121.44,0,98.3664
10738,16,3,25.98,0,21.0438
10739,36,6,44.76,0,36.2556
10739,52,18,1431.72,0,1159.6932
10740,28,5,252.66,42.11,170.5455
10740,35,35,252,42,170.1
10740,45,40,447.84,74.64,302.292
10740,56,14,665.952,110.992,449.5176
10741,2,15,324.54,54.09,219.0645
10742,3,20,394,0,319.14
10742,60,50,267.5,0,216.675
10742,72,35,393.75,0,344.6742
10743,46,28,383.082,18.242,295.5204
10744,40,50,1187.4,197.9,801.495
10745,18,24,659.04,0,533.8224
10745,44,16,1146.08,0,928.3248
10745,59,45,391.05,0,316.7505
10745,72,7,85.12,0,68.9472
10746,13,6,144.48,0,117.0288
10746,42,28,416.36,0,337.2516
10746,62,9,256.32,0,207.6192
10746,69,40,82.8,0,67.068
10747,31,8,65.92,0,53.3952
10747,41,35,316.75,0,256.5675
10747,63,9,184.5,0,149.445
10747,69,30,63.9,0,51.759
10748,23,44,419.76,0,340.0056
10748,40,40,720.4,0,609.9546
10748,56,28,1034.88,0,838.2528
10749,56,15,612.15,0,495.8415
10749,59,6,52.8,0,42.768
10749,76,10,4192.3,0,3395.763
10750,14,5,125.1775,16.3275,88.1685
10750,45,40,405.72,52.92,285.768
10750,59,25,260.1875,33.9375,183.2625
10751,26,12,402.204,36.564,296.1684
10751,30,30,708.3,0,573.723
10751,50,20,330.44,30.04,243.324
10751,73,15,15.6,0,12.636
10752,1,8,144.16,0,116.7696
10752,69,3,6.57,0,5.3217
10753,45,4,35.88,0,29.0628
10753,74,5,163.8,0,132.678
10754,40,3,51.63,0,41.8203
10755,47,30,1044.75,208.95,676.998
10755,56,30,1558.5,311.7,1110.5796
10755,57,14,359.1,71.82,232.6968
10755,69,25,62.1875,12.4375,40.2975
10756,18,21,643.608,107.268,473.5875
10756,36,20,177.84,29.64,120.042
10756,68,6,83.52,13.92,56.376
10756,69,20,51.6,8.6,34.83
10757,34,30,232.5,0,188.325
10757,59,7,54.74,0,44.3394
10757,62,30,838.8,0,679.428
10757,64,24,848.4,0,732.5683
10758,26,20,577.4,0,499.8365
10758,52,60,4579.2,0,3709.152
10758,70,40,1230,0,996.3
10759,32,10,198.5,0,160.785
10760,25,12,192,38.4,129.195
10760,27,40,1592,0,1375.6069
10760,43,30,464.25,92.85,300.834
10761,25,35,622.5625,124.5125,403.4205
10761,75,18,136.98,0,110.9538
10762,39,16,875.2,0,708.912
10762,47,30,703.5,0,569.835
10762,51,28,2742.6,0,2221.506
10762,56,60,2187.6,0,1771.956
10763,21,40,423.6,0,343.116
10763,22,6,21.96,0,17.7876
10763,24,20,87.4,0,70.794
10764,3,20,440,40,324
10764,39,130,7797.79,708.89,5742.009
10765,65,80,842.16,76.56,620.136
10766,2,40,788,0,677.6011
10766,7,35,1318.8,0,1068.228
10766,68,40,464.4,0,376.164
10767,42,2,26.7,0,21.627
10768,22,4,13.68,0,11.0808
10768,31,50,423,0,348.123
10768,60,15,68.85,0,55.7685
10768,71,12,381.12,0,308.7072
10769,41,30,283.185,13.485,218.457
10769,52,15,1284.4125,61.1625,990.8325
10769,61,20,542.2,0,439.182
10769,62,15,462.45,0,374.5845
10770,11,15,476.25,95.25,308.61
10771,71,16,486.88,0,394.3728
10772,29,18,2206.44,0,1787.2164
10772,59,25,208.5,0,168.885
10773,17,33,856.02,0,693.3762
10773,31,70,761.88,126.98,514.269
10773,75,7,61.824,10.304,41.7312
10774,31,2,19.7,3.94,12.7656
10774,66,50,923,0,747.63
10775,10,6,38.82,0,31.6551
10775,67,3,171.03,0,138.5343
10776,31,16,133.56,6.36,110.5601
10776,42,12,186.732,8.892,144.0504
10776,45,27,258.2685,12.2985,199.2357
10776,51,120,11665.08,555.48,8998.776
10777,42,20,360.96,60.16,243.648
10778,41,10,90.6,0,73.386
10779,16,20,192,0,155.52
10779,62,20,604.6,0,502.3099
10780,70,35,1005.9,0,814.779
10780,77,15,186.45,0,151.0245
10781,54,3,136.188,22.698,91.9269
10781,56,20,977.04,162.84,659.502
10781,74,35,1043.7,0,845.397
10782,31,1,8.19,0,6.6339
10783,31,10,81.6,0,66.096
10783,38,5,372.25,0,313.7997
10784,36,30,238.2,0,192.942
10784,39,2,141.036,18.396,99.3384
10784,72,30,387.435,50.535,272.889
10785,10,10,64.2,0,52.002
10785,75,10,80.4,0,65.124
10786,8,30,662.4,110.4,447.12
10786,30,15,503.46,83.91,339.8355
10786,75,42,352.8,58.8,238.14
10787,2,15,301.2975,14.3475,251.1539
10787,29,20,2642.01,125.81,2038.122
10788,19,50,499.275,23.775,385.155
10788,75,40,351.54,16.74,271.188
10789,18,30,696,0,594.7627
10789,35,15,87.9,0,71.199
10789,63,30,572.1,0,463.401
10789,68,18,224.82,0,182.1042
10790,7,3,134.205,17.505,94.527
10790,56,20,838.12,109.32,590.328
10791,29,14,1692.558,80.598,1305.6876
10791,41,20,202.23,9.63,160.8241
10792,2,10,191.7,0,155.277
10792,54,3,113.7,0,92.097
10792,68,15,189.9,0,153.819
10793,41,14,125.86,0,101.9466
10793,52,8,675.92,0,547.4952
10794,14,15,432,72,291.6
10794,54,6,239.4,39.9,161.595
10795,16,65,668.2,0,541.242
10795,17,35,1029.875,205.975,667.359
10796,26,21,710.388,118.398,505.036
10796,44,10,713.9,0,578.259
10796,64,35,1524.18,254.03,1028.8215
10796,69,24,60.768,10.128,41.0184
10797,11,20,584.2,0,473.202
10798,62,2,56.52,0,45.7812
10798,72,10,118,0,95.58
10799,13,20,532.91,69.51,375.354
10799,24,20,105.11,13.71,74.034
10799,59,25,227.25,0,184.0725
10800,11,50,1600.5,145.5,1178.55
10800,51,10,1104.18,100.38,828.6221
10800,54,7,249.095,22.645,183.4245
10801,17,40,1247,249.4,808.056
10801,29,20,3298.5,659.7,2137.428
10802,30,25,812.1875,162.4375,574.1388
10802,51,30,4031.625,806.325,2612.493
10802,55,60,2872.5,574.5,1861.38
10802,62,5,175.3125,35.0625,114.0794
10803,19,24,233.856,11.136,180.4032
10803,25,15,223.1775,10.6275,172.1655
10803,59,15,130.095,6.195,100.359
10804,10,36,255.6,0,207.036
10804,28,24,1090.32,0,883.1592
10804,49,4,86.71,11.31,61.074
10805,34,10,77,0,62.37
10805,38,10,848.9,0,687.609
10806,2,20,476.5,95.3,308.772
10806,65,2,18.94,0,15.3414
10806,74,15,540.5625,108.1125,350.2845
10807,40,1,20.11,0,17.4058
10808,56,20,894.24,116.64,629.856
10808,76,50,21077.2001,2749.2001,14845.68
10809,52,20,1454.8,0,1178.388
10810,13,7,173.32,0,140.3892
10810,25,5,67.15,0,54.3915
10810,70,5,132.45,0,107.2845
10811,19,15,141.9,0,114.939
10811,23,18,178.2,0,144.342
10811,40,30,523.8,0,424.278
10812,31,16,155.76,14.16,122.2674
10812,72,40,551.32,50.12,405.972
10812,77,20,275.2,0,222.912
10813,2,12,251.28,41.88,169.614
10813,46,35,419.65,0,339.9165
10814,41,20,177.6,0,143.856
10814,43,20,283.36,36.96,199.584
10814,48,8,304.52,39.72,214.488
10814,61,30,936.675,122.175,659.745
10815,33,16,447.36,0,362.3616
10816,38,30,2774.205,132.105,2140.101
10816,62,20,622.44,29.64,480.168
10817,26,40,1378.16,179.76,970.704
10817,38,30,2451.9,0,1986.039
10817,40,60,1247.52,162.72,878.688
10817,62,25,777.6875,101.4375,547.7625
10818,32,20,410.4,0,365.8319
10818,41,20,206,0,166.86
10819,43,7,79.59,0,64.4679
10819,75,20,145.6,0,117.936
10820,56,30,1200.6,0,972.486
10821,35,20,117,0,94.77
10821,51,6,630.9,0,511.029
10822,62,3,88.29,0,76.7838
10822,70,6,180.78,0,146.4318
10823,11,20,666.82,60.62,491.022
10823,57,15,312.3,0,252.963
10823,59,40,392.04,35.64,314.3448
10823,77,15,216.315,19.665,173.4453
10824,41,12,104.4,0,92.0808
10824,70,9,278.91,0,263.4889
10825,26,12,342.6,0,302.1732
10825,53,20,1328.8,0,1172.0016
10826,31,35,310.1,0,273.5082
10826,57,15,280.95,0,247.7979
10827,10,15,99.3,0,87.5826
10827,39,21,1141.98,0,1007.2264
10828,20,5,409.35,0,361.0467
10828,38,2,150.96,0,133.1467
10829,2,10,201.1,0,177.3702
10829,8,20,395.4,0,348.7428
10829,13,10,264.3,0,233.1126
10829,60,21,112.98,0,99.6484
10830,6,6,23.82,0,21.0092
10830,39,28,1522.36,0,1342.7215
10830,60,30,159.3,0,140.5026
10830,68,24,316.08,0,298.963
10831,19,2,20.18,0,17.7988
10831,35,8,45.12,0,39.7958
10831,38,8,686.8,0,605.7576
10831,43,9,113.94,0,109.1021
10832,13,3,92.16,15.36,67.7376
10832,25,10,165.6,27.6,121.716
10832,44,16,1308.288,218.048,961.5917
10832,64,3,99.18,0,87.4768
10833,7,20,892.76,81.16,715.8312
10833,31,9,87.417,7.947,71.4278
10833,53,9,600.633,54.603,481.5985
10834,29,8,1124.088,53.528,968.0485
10834,30,20,511.77,24.37,458.8188
10835,59,15,120.6,0,114.6714
10835,77,2,29.52,4.92,21.6972
10836,22,52,184.08,0,162.3586
10836,35,6,38.28,0,35.0965
10836,57,24,462.48,0,407.9074
10836,60,60,279.6,0,246.6072
10836,64,30,948.9,0,836.9298
10837,13,6,148.08,0,130.6066
10837,40,25,450.25,0,402.558
10837,47,40,1356,271.2,956.7936
10837,76,21,10140.9,2028.18,7155.419
10838,1,4,102.6,20.52,72.3946
10838,18,25,875,175,617.4
10838,36,50,476.875,95.375,336.483
10839,58,30,1593.57,144.87,1277.7534
10839,72,15,203.94,18.54,163.5605
10840,25,6,110.808,18.468,81.4439
10840,39,10,650.52,108.42,478.1322
10841,10,16,101.28,0,89.329
10841,56,30,1245.9,0,1098.8838
10841,59,50,431.5,0,380.583
10841,77,15,201,0,177.282
10842,11,15,381.45,0,336.4389
10842,43,5,55.45,0,48.9069
10842,68,20,265.4,0,234.0828
10842,70,12,321.84,0,283.8629
10843,51,4,473.6,94.72,334.1722
10844,22,35,125.65,0,110.8233
10845,23,70,721.49,65.59,615.1821
10845,35,25,178.475,16.225,143.1045
10845,42,42,621.39,56.49,498.2418
10845,58,60,3315.84,301.44,2658.7008
10845,64,48,1654.08,0,1458.8986
10846,4,21,474.18,0,418.2268
10846,70,30,922.5,0,842.1118
10846,74,20,621.8,0,548.4276
10847,1,80,1746.24,291.04,1302.4529
10847,19,12,140.832,23.472,103.5115
10847,37,60,285.12,47.52,209.5632
10847,45,36,378,63,277.83
10847,60,45,279.18,46.53,205.1973
10847,71,55,1937.1,322.85,1518.7212
10848,5,30,184.8,0,162.9936
10848,9,3,120.96,0,106.6867
10849,3,49,967.75,0,853.5555
10849,26,18,693.45,90.45,531.846
10850,25,20,318.32,41.52,244.1376
10850,33,4,121.164,15.804,92.9275
10850,70,30,927.705,121.005,711.5094
10851,2,5,92.925,4.425,78.057
10851,25,10,138.285,6.585,116.1594
10851,57,10,200.445,9.545,172.3977
10851,59,42,390.285,18.585,327.8394
10852,2,15,293.55,0,258.9111
10852,17,6,139.44,0,122.9861
10852,62,50,1572,0,1386.504
10853,18,10,255.2,0,225.0864
10854,10,100,724.5,94.5,555.66
10854,13,65,2046.655,266.955,1569.6954
10855,16,50,459,0,444.4526
10855,31,14,119.28,0,105.205
10855,56,24,910.8,0,803.3256
10855,65,15,164.22,21.42,125.9496
10856,2,20,390.8,0,363.1499
10856,42,20,268,0,236.376
10857,3,30,587.7,0,518.3514
10857,26,35,1294.125,258.825,913.1346
10857,29,10,1521.25,304.25,1073.394
10858,7,5,214.3,0,189.0126
10858,27,10,433.5,0,382.347
10858,70,4,122.24,0,107.8157
10859,24,40,225.5,45.1,159.1128
10859,54,35,1568.875,313.775,1106.9982
10859,64,30,1312.5,262.5,926.1
10860,51,3,325.41,0,287.0116
10860,76,20,7288.8,0,6428.7216
10861,17,42,1066.38,0,940.5472
10861,18,20,476.6,0,420.3612
10861,21,40,367.6,0,324.2232
10861,33,35,920.85,0,812.1897
10861,62,3,88.05,0,77.6601
10862,11,25,683.5,0,602.847
10862,52,8,683.52,0,628.3724
10863,1,20,476.1,62.1,365.148
10863,58,12,617.274,80.514,498.1247
10864,35,4,25.28,0,22.297
10864,67,15,972.15,0,857.4363
10865,38,60,5111.82,243.42,4293.9288
10865,39,80,5286.96,251.76,4441.0464
10866,2,21,463.3125,92.6625,326.9133
10866,24,6,35.175,7.035,24.8195
10866,30,40,1204.5,240.9,849.8952
10867,53,3,197.97,0,174.6095
10868,26,20,666.4,0,587.7648
10868,35,30,187.2,0,165.1104
10868,49,42,899.514,81.774,762.6708
10869,1,40,860,0,758.52
10869,11,10,299.5,0,264.159
10869,23,50,419,0,369.558
10869,68,20,273.6,0,241.3152
10870,35,3,19.26,0,16.9873
10870,51,2,215.24,0,189.8417
10871,6,50,197.4,9.4,165.816
10871,16,12,121.338,5.778,101.9239
10871,17,16,404.208,19.248,339.5347
10872,55,10,441.315,21.015,370.7046
10872,62,20,649.53,30.93,545.6052
10872,64,15,512.9775,24.4275,430.9011
10872,65,21,229.761,10.941,192.9992
10873,21,20,205.4,0,181.1628
10873,28,3,134.64,0,118.7525
10874,10,10,66,0,58.212
10875,19,25,213.75,0,188.5275
10875,47,21,564.102,51.282,452.3072
10875,49,15,324.3,0,286.0326
10876,46,21,256.83,0,226.5241
10876,64,20,717.2,0,639.623
10877,16,30,375.375,75.075,264.8646
10877,18,25,644.5,0,568.449
10878,20,20,1718.22,81.82,1443.3048
10879,40,12,210.36,0,185.5375
10879,65,10,109,0,96.138
10879,76,10,4305.3,0,3797.2746
10880,23,30,299.16,49.86,219.8826
10880,61,30,973.08,162.18,715.2138
10880,70,50,1750.2,291.7,1286.397
10881,73,10,11.9,0,10.4958
10882,42,25,315.75,0,278.4915
10882,49,20,458.85,59.85,351.918
10882,54,32,1303.456,170.016,999.6941
10883,24,8,34.8,0,30.6936
10884,21,40,415.8,19.8,349.272
10884,56,21,908.019,43.239,762.736
10884,65,12,115.038,5.478,96.6319
10885,2,20,389,0,343.098
10885,24,12,54.72,0,48.263
10885,70,30,883.2,0,778.9824
10885,77,25,342.25,0,301.8645
10886,10,70,471.8,0,416.1276
10886,31,35,317.45,0,284.4417
10886,77,40,543.2,0,479.1024
10887,25,5,65.6,0,57.8592
10888,2,20,409.2,0,360.9144
10888,68,18,208.08,0,183.5266
10889,11,40,1041.6,0,918.6912
10889,38,40,3511.6,0,3097.2312
10890,17,15,347.55,0,306.5391
10890,34,10,80.3,0,74.3952
10890,41,14,127.68,0,112.6138
10891,30,15,428.2425,20.3925,359.7237
10892,59,40,350.28,16.68,294.2352
10893,8,30,603.3,0,532.1106
10893,24,10,47,0,41.454
10893,29,24,3030.72,0,2673.095
10893,30,35,959,0,845.838
10893,36,20,147.8,0,130.3596
10894,13,28,682.962,32.522,606.9097
10894,69,50,113.4,5.4,95.256
10894,75,120,1064.7,50.7,894.348
10895,24,110,504.9,0,445.3218
10895,39,45,2893.5,0,2552.067
10895,40,91,1752.66,0,1545.8461
10895,60,100,502,0,442.764
10896,45,15,140.85,0,124.2297
10896,56,16,578.72,0,510.431
10897,29,80,10652,0,9395.064
10897,30,36,945.72,0,834.125
10898,13,5,116.45,0,102.7089
10899,39,8,591.284,77.124,453.4891
10900,70,3,115.35,23.07,81.391
10901,41,30,267.6,0,236.0232
10901,71,30,920.1,0,811.5282
10902,55,30,1464.18,190.98,1122.9624
10902,62,6,193.2,25.2,148.176
10903,13,40,1029.6,0,908.1072
10903,65,21,223.02,0,196.7036
10903,68,20,255.4,0,225.2628
10904,58,15,670.35,0,591.2487
10904,62,35,934.5,0,824.229
10905,1,20,411.6,19.6,345.744
10906,61,15,363.3,0,320.4306
10907,75,14,107.52,0,94.8326
10908,7,20,847.98,40.38,712.3032
10908,52,14,1150.569,54.789,966.478
10909,7,12,485.64,0,428.3345
10909,16,15,148.2,0,130.7124
10909,41,5,50.45,0,44.4969
10910,19,12,100.92,0,89.0114
10910,49,10,202.7,0,178.7814
10910,61,5,139.15,0,126.2627
10911,1,10,219.3,0,197.0154
10911,17,12,298.32,0,263.1182
10911,67,15,935.85,0,845.6499
10912,11,40,1275,255,899.64
10912,29,60,9170.25,1834.05,6470.5284
10913,4,30,887.25,177.45,626.0436
10913,33,40,1163.5,232.7,820.9656
10913,58,15,774.45,0,683.0649
10914,71,25,750.75,0,662.1615
10915,17,10,274.5,0,242.109
10915,33,30,788.1,0,695.1042
10915,54,10,370.8,0,327.0456
10916,16,6,60.66,0,53.5021
10916,32,6,123.54,0,108.9623
10916,57,20,381.6,0,336.5712
10917,30,1,26.2,0,23.1084
10917,60,10,46.9,0,41.3658
10918,1,60,1458.75,291.75,1029.294
10918,60,25,156.5625,31.3125,110.4705
10919,16,24,242.16,0,213.5851
10919,25,24,305.52,0,296.6227
10919,40,20,400,0,352.8
10920,50,24,356.88,0,314.7682
10921,35,10,55.9,0,49.3038
10921,63,40,854.4,0,753.5808
10922,17,15,345.3,0,304.5546
10922,24,35,166.25,0,146.6325
10923,42,10,158.4,26.4,116.424
10923,43,10,154.08,25.68,113.2488
10923,67,24,1842.336,307.056,1354.117
10924,10,20,151.58,13.78,121.5396
10924,28,30,1544.4,140.4,1238.328
10924,75,6,44.64,0,39.3725
10925,36,25,228.85,29.85,175.518
10925,52,12,1171.758,152.838,909.0117
10926,11,2,54.98,0,48.4924
10926,13,10,235,0,207.27
10926,19,7,60.48,0,53.3434
10926,72,10,121,0,106.722
10927,20,5,410.7,0,362.2374
10927,52,5,371.65,0,327.7953
10927,76,20,7285,0,6425.37
10928,47,5,127.5,0,112.455
10928,76,5,1818.2,0,1613.7557
10929,21,60,556.2,0,490.5684
10929,75,49,373.87,0,329.7533
10929,77,15,198.15,0,174.7683
10930,21,36,386.28,0,371.1492
10930,27,25,1039.5,0,1012.7721
10930,55,25,1192.8,198.8,876.708
10930,58,30,1722.6,287.1,1266.111
10931,13,42,1305.549,170.289,1001.2993
10931,57,30,577.5,0,543.7908
10932,16,30,313.17,28.47,263.6542
10932,62,14,416.416,37.856,337.4879
10932,72,16,182.88,0,161.3002
10932,75,20,172.04,15.64,137.9448
10933,53,2,110.38,0,97.3552
10933,61,30,764.7,0,674.4654
10934,6,20,74,0,65.268
10935,1,21,444.15,0,391.7403
10935,18,4,123.45,24.69,87.1063
10935,23,8,91.2,18.24,64.3507
10936,36,30,313.92,52.32,230.7312
10937,28,8,397.28,0,350.401
10937,34,20,154.2,0,136.0044
10938,13,20,565.75,113.15,399.1932
10938,43,24,380.1,76.02,282.411
10938,60,49,322.175,64.435,227.3267
10938,71,35,1411.8125,282.3625,996.1749
10939,2,10,206.54,26.94,175.7502
10939,67,40,2723.66,355.26,2088.9288
10940,7,8,308.56,0,272.1499
10940,13,20,465.6,0,410.6592
10941,31,44,441.1,88.22,311.2402
10941,62,30,1023,204.6,721.8288
10941,68,80,1282,256.4,1004.4745
10941,72,50,626.5,0,552.573
10942,49,28,551.88,0,486.7582
10943,13,15,364.2,0,321.2244
10943,22,21,73.29,0,64.6418
10943,46,15,185.85,0,163.9197
10944,11,5,161.875,32.375,114.219
10944,44,18,1636.425,327.285,1154.6615
10944,56,18,727.2,0,641.3904
10945,13,20,543.4,0,479.2788
10945,31,10,79,0,69.678
10946,10,25,167.5,0,147.735
10946,24,25,115.75,0,102.0915
10946,77,40,547.6,0,482.9832
10947,59,4,33.12,0,29.2118
10948,50,9,144.45,0,127.4049
10948,51,40,4030.4,0,3554.8128
10948,55,4,154.92,0,136.6394
10949,6,12,48.6,0,42.8652
10949,10,30,194.4,0,171.4608
10949,17,6,164.16,0,144.7891
10949,62,60,1655.4,0,1460.0628
10950,4,5,114.3,0,100.8126
10951,33,15,373.59,17.79,313.8156
10951,41,6,60.102,2.862,50.4857
10951,75,50,379.575,18.075,318.843
10952,6,16,65.016,3.096,60.1835
10952,28,2,89.1,0,78.5862
10953,20,50,4404.75,209.75,3699.99
10953,31,50,414.225,19.725,347.949
10954,16,28,314.916,41.076,241.5269
10954,31,25,242.075,31.575,185.661
10954,45,30,262.8,0,231.7896
10954,60,24,151.248,19.728,116.0006
10955,75,12,113.184,18.864,83.1902
10956,21,12,120.12,0,105.9458
10956,47,14,322.56,0,284.4979
10956,51,8,785.44,0,692.7581
10957,30,30,838.2,0,739.2924
10957,35,40,237.6,0,209.5632
10957,64,8,279.12,0,246.1838
10958,5,20,123.4,0,108.8388
10958,7,6,229.02,0,201.9956
10958,72,5,58.25,0,51.3765
10959,75,20,166.52,21.72,127.7136
10960,24,10,58,11.6,40.9248
10960,41,24,229.92,0,202.7894
10961,52,6,467.271,22.251,392.5076
10961,76,60,23334.6,0,20581.1172
10962,7,45,1769.85,0,1561.0077
10962,13,77,1826.44,0,1610.9201
10962,53,20,1155.4,0,1019.0628
10962,69,9,17.46,0,15.421
10962,76,44,16628.48,0,16153.1819
10963,60,2,10.994,1.434,8.4319
10964,18,6,152.4,0,134.4168
10964,38,5,436.4,0,384.9048
10964,69,10,20.4,0,17.9928
10965,51,16,1553.12,0,1369.8518
10966,37,8,33.36,0,32.4593
10966,56,12,539.856,70.416,414.0461
10966,62,12,395.232,51.552,303.1258
10967,19,12,111.72,0,98.537
10967,49,40,746.8,0,658.6776
10968,12,30,288.9,0,278.7328
10968,24,30,128.1,0,112.9842
10968,64,4,121.36,0,107.0395
10969,46,9,117.63,0,103.7497
10970,52,40,3659.04,609.84,2689.3944
10971,29,14,1892.24,0,1668.9557
10972,17,6,151.56,0,133.6759
10972,33,7,177.31,0,164.3035
10973,26,5,154.2,0,136.0044
10973,41,6,52.26,0,46.0933
10973,75,10,82.1,0,79.6895
10974,63,10,207.4,0,182.9268
10975,8,16,316.48,0,279.1354
10975,75,10,83.8,0,73.9116
10976,28,20,846.8,0,746.8776
10977,39,30,1816.2,0,1601.8884
10977,47,30,809.7,0,714.1554
10977,51,10,1047.5,0,923.895
10977,63,20,433.6,0,382.4352
10978,8,20,458.16,59.76,351.3888
10978,21,40,460.92,60.12,353.5056
10978,40,10,182.9,0,161.3178
10978,44,6,496.593,64.773,380.8652
10979,7,18,750.24,0,661.7117
10979,12,20,209,0,184.338
10979,24,80,329.6,0,290.7072
10979,27,30,1213.5,0,1070.307
10979,31,24,207.6,0,183.1827
10979,63,35,697.2,0,614.9304
10980,75,40,384.48,64.08,282.5928
10981,38,60,4796.4,0,4230.4248
10982,7,20,746.4,0,698.4566
10982,43,9,102.33,0,90.2551
10983,13,84,2186.058,285.138,1676.6114
10983,57,15,293.4,0,258.7788
10984,16,55,552.75,0,487.5255
10984,24,20,92.8,0,81.8496
10984,36,40,350,0,315.8472
10985,16,36,371.448,33.768,297.8338
10985,18,8,245.256,22.296,196.6507
10985,32,35,790.405,71.855,633.7611
10986,11,30,855.6,0,754.6392
10986,20,15,1211.7,0,1068.7194
10986,76,10,3689.3,0,3253.9626
10986,77,15,197.1,0,173.8422
10987,7,60,2467.2,0,2176.0704
10987,43,6,78.42,0,69.1664
10987,72,20,249.4,0,219.9708
10988,7,60,2395.8,0,2113.0956
10988,62,40,1307.68,118.88,1048.5216
10989,6,40,159.6,0,140.7672
10989,11,15,385.65,0,340.1433
10989,41,4,37.36,0,32.9515
10990,21,65,675.35,0,595.6587
10990,34,60,516.81,67.41,396.3708
10990,55,65,2942.9075,383.8575,2257.0821
10990,61,66,2132.031,278.091,1635.1751
10991,2,50,1084.8,180.8,797.328
10991,70,20,716.16,119.36,526.3776
10991,76,90,43755.1201,7292.5201,32160.0132
10992,72,2,25.6,0,22.5792
10993,29,50,7867.5,1573.5,5551.308
10993,41,35,442.75,88.55,312.4044
10994,59,18,155.169,7.389,130.342
10995,51,20,1995.8,0,1769.0579
10995,60,4,20.84,0,18.3809
10996,42,40,568.4,0,501.3288
10997,32,50,1016.5,0,896.553
10997,46,20,315.5,63.1,222.6168
10997,52,20,1884.25,376.85,1329.5268
10998,24,12,49.56,0,43.7119
10998,61,7,203.77,0,179.7251
10998,74,20,633.2,0,558.4824
10998,75,30,230.7,0,203.4774
10999,41,20,199.5,9.5,167.58
10999,51,15,1550.9025,73.8525,1302.7581
10999,77,21,265.482,12.642,223.0049
11000,4,25,637.1875,127.4375,449.5995
11000,24,30,162.75,32.55,114.8364
11000,77,30,372.6,0,328.6332
11001,7,60,2568.6,0,2265.5052
11001,22,25,95.5,0,84.231
11001,46,25,328.5,0,289.737
11001,55,6,217.5,0,191.835
11002,13,56,1419.04,0,1251.5933
11002,35,15,100.05,13.05,76.734
11002,42,24,354.936,46.296,274.4617
11002,55,40,1689.2,0,1581.1526
11003,1,4,76,0,67.032
11003,40,10,167.8,0,147.9996
11003,52,10,801,0,706.482
11004,26,6,178.08,0,157.0666
11004,76,6,2377.44,0,2096.9021
11005,1,2,38,0,33.516
11005,59,10,88.5,0,78.057
11006,1,8,175.52,0,154.8086
11006,29,2,327.875,65.575,231.3486
11007,8,30,616.5,0,543.753
11007,29,10,1344.1,0,1185.4962
11007,42,14,207.06,0,196.4352
11008,28,70,3123.015,148.715,2623.3326
11008,34,90,771.12,36.72,647.7408
11008,71,21,617.4,0,544.5468
11009,24,12,50.16,0,44.2411
11009,36,18,188.55,37.71,133.0409
11009,60,9,46.8,0,41.2776
11010,7,20,878.8,0,775.1016
11010,24,10,44.7,0,39.4254
11011,58,40,1931.16,91.96,1622.1744
11011,71,20,634.4,0,559.5408
11012,19,50,473.025,22.525,432.3821
11012,60,36,172.746,8.226,145.1066
11012,71,60,1915.2,91.2,1715.513
11013,23,10,91.4,0,80.6148
11013,42,4,59.16,0,54.1268
11013,45,20,179.4,0,158.2308
11013,68,2,25.02,0,22.0676
11014,41,28,313.544,28.504,251.4053
11015,30,15,425.4,0,375.2028
11015,77,18,212.4,0,187.3368
11016,31,15,122.85,0,108.3537
